croc-bite	IMG_02_003	bp=3	regen (361, 320)	shipped (361, 320)	bytes 29038/29038	byte-identical=True
timebomb	IMG_03_001	bp=2	regen (283, 320)	shipped (283, 320)	bytes 13744/13744	byte-identical=True
short-stick	IMG_03_002	bp=3	regen (324, 320)	shipped (324, 320)	bytes 23092/23092	byte-identical=True
freeze-tap	IMG_03_003	bp=7	regen (351, 320)	shipped (351, 320)	bytes 21292/21292	byte-identical=True
cannon-flag	IMG_03_004	bp=4	regen (382, 320)	shipped (382, 320)	bytes 22274/22274	byte-identical=True
power-meter	IMG_03_005	bp=2	regen (473, 320)	shipped (473, 320)	bytes 25292/25292	byte-identical=True
dice-loser	IMG_03_006	bp=3	regen (308, 320)	shipped (308, 320)	bytes 18836/18836	byte-identical=True
how-close-is-near	IMG_03_007	bp=3	regen (310, 320)	shipped (310, 320)	bytes 20358/20358	byte-identical=True
pinocchio-luck	IMG_03_008	bp=2	regen (448, 320)	shipped (448, 320)	bytes 15962/15962	byte-identical=True
cursed-number	IMG_03_009	bp=4	regen (367, 320)	shipped (367, 320)	bytes 15884/15884	byte-identical=True
wire-snip-panic	IMG_03_010	bp=4	regen (264, 320)	shipped (264, 320)	bytes 20310/20310	byte-identical=True
zero-trigger	IMG_03_011	bp=2	regen (280, 320)	shipped (280, 320)	bytes 18440/18440	byte-identical=True
one-bomb	IMG_03_012	bp=3	regen (390, 320)	shipped (390, 320)	bytes 21058/21058	byte-identical=True
bangkok-drift	IMG_03_013	bp=2	regen (468, 320)	shipped (468, 320)	bytes 29328/29328	byte-identical=True
