file	master	bp	trim	target	q	bytes	dims
croc-bite-2x.webp	IMG_02_003	3	1118x991	847x751	q71	61436	847x751
timebomb-2x.webp	IMG_03_001	2	905x1023	566x640	q88	34500	566x640
short-stick-2x.webp	IMG_03_002	3	1073x1060	648x640	q88	56074	648x640
freeze-tap-2x.webp	IMG_03_003	7	1126x1027	702x640	q88	53758	702x640
cannon-flag-2x.webp	IMG_03_004	4	1102x924	763x640	q88	53604	763x640
power-meter-2x.webp	IMG_03_005	2	1148x776	947x640	q86	60860	947x640
dice-loser-2x.webp	IMG_03_006	3	981x1020	707x735	q88	53050	707x735
how-close-is-near-2x.webp	IMG_03_007	3	857x884	707x729	q87	59518	707x729
pinocchio-luck-2x.webp	IMG_03_008	2	1114x795	897x640	q88	42404	897x640
cursed-number-2x.webp	IMG_03_009	4	1112x969	734x640	q88	38690	734x640
wire-snip-panic-2x.webp	IMG_03_010	4	867x1050	528x640	q88	49346	528x640
zero-trigger-2x.webp	IMG_03_011	2	984x1123	561x640	q88	44526	561x640
one-bomb-2x.webp	IMG_03_012	3	1168x958	780x640	q88	50242	780x640
bangkok-drift-2x.webp	IMG_03_013	2	1130x772	937x640	q79	60088	937x640
