issue	box_id	verdict	report_line	report_box_text	live_line_no	live_state_at_2026_08_14_mapping_proof	live_box_text	match
15	#15-01	PROVEN	17	เปิด `/tool/wheel/` บนเครื่องที่ไม่เคยเข้าเว็บ ใส่ชื่ออย่างน้อย 2 ชื่อ กดหมุน แล้วได้ผลเป็นหนึ่งชื่อที่อยู่ในรายการที่ใส่ไว้	19	unticked	เปิด `/tool/wheel/` บนเครื่องที่ไม่เคยเข้าเว็บ ใส่ชื่ออย่างน้อย 2 ชื่อ กดหมุน แล้วได้ผลเป็นหนึ่งชื่อที่อยู่ในรายการที่ใส่ไว้	EXACT
15	#15-02	PROVEN	28	มีรายการน้อยกว่า 2 กดหมุนไม่ได้ และบอกเหตุผลให้ผู้ใช้เห็น ไม่ใช่เงียบหรือคืนค่าว่าง	20	unticked	มีรายการน้อยกว่า 2 กดหมุนไม่ได้ และบอกเหตุผลให้ผู้ใช้เห็น ไม่ใช่เงียบหรือคืนค่าว่าง	EXACT
15	#15-03	PROVEN	42	เปิดเครื่องมือหลังจากเคยเล่นเกมในเว็บนี้มาก่อน เห็นรายชื่อกลุ่มเดิมรออยู่โดยไม่ต้องกรอกใหม่	21	unticked	เปิดเครื่องมือหลังจากเคยเล่นเกมในเว็บนี้มาก่อน เห็นรายชื่อกลุ่มเดิมรออยู่โดยไม่ต้องกรอกใหม่	EXACT
15	#15-04	PROVEN	52	รายชื่อที่กรอกในเครื่องมือยังอยู่หลังรีเฟรชหน้า	22	unticked	รายชื่อที่กรอกในเครื่องมือยังอยู่หลังรีเฟรชหน้า	EXACT
15	#15-05	PROVEN	65	เปิดตัวเลือกเอาผู้ที่ออกแล้วออกจากวงล้อ แล้วหมุนต่อได้จนครบทุกคนในวงโดยไม่มีชื่อซ้ำ	23	unticked	เปิดตัวเลือกเอาผู้ที่ออกแล้วออกจากวงล้อ แล้วหมุนต่อได้จนครบทุกคนในวงโดยไม่มีชื่อซ้ำ	EXACT
15	#15-06	PROVEN	75	หมุนซ้ำได้ทันทีโดยไม่ต้องตั้งค่าหรือกรอกรายชื่อใหม่	24	unticked	หมุนซ้ำได้ทันทีโดยไม่ต้องตั้งค่าหรือกรอกรายชื่อใหม่	EXACT
15	#15-07	PROVEN	87	หลังได้ผล มีทางกดต่อเข้าเกม และเมื่อถึงหน้าเกมแล้วรายชื่อวงเดิมยังอยู่ครบ ไม่ต้องพิมพ์ใหม่	25	unticked	หลังได้ผล มีทางกดต่อเข้าเกม และเมื่อถึงหน้าเกมแล้วรายชื่อวงเดิมยังอยู่ครบ ไม่ต้องพิมพ์ใหม่	EXACT
15	#15-09	UNPROVABLE	97	โฆษณาอยู่ใต้ตัวเครื่องมือ พื้นที่ถูกจองไว้ล่วงหน้าจนเนื้อหาไม่กระโดดตอนโฆษณาโหลด และไม่มีอะไรถูกแทรกเหนือเนื้อหาหลังโหลด	27	unticked	โฆษณาอยู่ใต้ตัวเครื่องมือ พื้นที่ถูกจองไว้ล่วงหน้าจนเนื้อหาไม่กระโดดตอนโฆษณาโหลด และไม่มีอะไรถูกแทรกเหนือเนื้อหาหลังโหลด	EXACT
15	#15-11	PROVEN	118	ผลลัพธ์อ่านได้จากตัวหนังสือเสมอ ไม่ต้องอาศัยสีหรือการเคลื่อนไหวเพื่อรู้ว่าใครโดน	29	unticked	ผลลัพธ์อ่านได้จากตัวหนังสือเสมอ ไม่ต้องอาศัยสีหรือการเคลื่อนไหวเพื่อรู้ว่าใครโดน	EXACT
15	#15-14	UNPROVABLE	135	เทสถูกพิสูจน์แบบสองทาง — ทำให้ตกก่อนแล้วยืนยันว่าตกด้วยเหตุผลที่ถูก แล้วค่อยทำให้ผ่าน	32	unticked	เทสถูกพิสูจน์แบบสองทาง — ทำให้ตกก่อนแล้วยืนยันว่าตกด้วยเหตุผลที่ถูก แล้วค่อยทำให้ผ่าน	EXACT
16	#16-01	PROVEN	12	ใส่รายชื่ออย่างน้อย 2 ชื่อ เลือกจำนวนที่จะจั่ว กดจั่ว แล้วได้ชื่อครบตามจำนวนที่ขอ และไม่มีชื่อซ้ำกันในผลนั้น	15	unticked	ใส่รายชื่ออย่างน้อย 2 ชื่อ เลือกจำนวนที่จะจั่ว กดจั่ว แล้วได้ชื่อครบตามจำนวนที่ขอ และไม่มีชื่อซ้ำกันในผลนั้น	EXACT
16	#16-02	PROVEN	22	จั่วต่อในรอบเดิม ไม่มีทางได้ชื่อที่ออกไปแล้ว	16	unticked	จั่วต่อในรอบเดิม ไม่มีทางได้ชื่อที่ออกไปแล้ว	EXACT
16	#16-03	PROVEN	34	เห็นได้ตลอดว่าเหลือใครที่ยังไม่ถูกจั่ว	17	unticked	เห็นได้ตลอดว่าเหลือใครที่ยังไม่ถูกจั่ว	EXACT
16	#16-04	PROVEN	42	ขอจั่วมากกว่าจำนวนคนที่เหลือไม่ได้ และบอกเหตุผลให้ผู้ใช้เห็น	18	unticked	ขอจั่วมากกว่าจำนวนคนที่เหลือไม่ได้ และบอกเหตุผลให้ผู้ใช้เห็น	EXACT
16	#16-05	PROVEN	50	เริ่มรอบใหม่แล้วทุกคนกลับเข้ากองครบ	19	unticked	เริ่มรอบใหม่แล้วทุกคนกลับเข้ากองครบ	EXACT
16	#16-06	PROVEN	58	มีรายการน้อยกว่า 2 กดจั่วไม่ได้ และบอกเหตุผล	20	unticked	มีรายการน้อยกว่า 2 กดจั่วไม่ได้ และบอกเหตุผล	EXACT
16	#16-07	PROVEN	68	เปิดหน้ามาแล้วเห็นรายชื่อกลุ่มเดิมรออยู่ และรายชื่อที่แก้ที่นี่มีผลกับเครื่องมือและเกมตัวอื่นด้วย	21	unticked	เปิดหน้ามาแล้วเห็นรายชื่อกลุ่มเดิมรออยู่ และรายชื่อที่แก้ที่นี่มีผลกับเครื่องมือและเกมตัวอื่นด้วย	EXACT
16	#16-08	PROVEN	81	มีทางกดต่อเข้าเกมโดยรายชื่อวงไหลต่อไปครบ	22	unticked	มีทางกดต่อเข้าเกมโดยรายชื่อวงไหลต่อไปครบ	EXACT
16	#16-10	UNPROVABLE	98	โฆษณาอยู่ใต้ตัวเครื่องมือ พื้นที่ถูกจองไว้ล่วงหน้า และไม่มีอะไรแทรกเหนือเนื้อหาหลังโหลด	24	unticked	โฆษณาอยู่ใต้ตัวเครื่องมือ พื้นที่ถูกจองไว้ล่วงหน้า และไม่มีอะไรแทรกเหนือเนื้อหาหลังโหลด	EXACT
16	#16-11	UNDECIDED	121	เคารพการตั้งค่าลดการเคลื่อนไหว และผลลัพธ์อ่านได้จากตัวหนังสือเสมอ	25	unticked	เคารพการตั้งค่าลดการเคลื่อนไหว และผลลัพธ์อ่านได้จากตัวหนังสือเสมอ	EXACT
16	#16-13	UNPROVABLE	145	ตรรกะการจั่วรับตัวสุ่มเข้าไปได้ มีเทสที่ตรวจผลจริง และถูกพิสูจน์แบบสองทาง — ทำให้ตกก่อนแล้วค่อยทำให้ผ่าน	27	unticked	ตรรกะการจั่วรับตัวสุ่มเข้าไปได้ มีเทสที่ตรวจผลจริง และถูกพิสูจน์แบบสองทาง — ทำให้ตกก่อนแล้วค่อยทำให้ผ่าน	EXACT
17	#17-01	PROVEN	30	ใส่รายชื่ออย่างน้อย 2 ชื่อ กำหนดจำนวนทีม กดแบ่ง แล้วทุกคนถูกจัดลงทีมครบ ไม่มีใครหาย และไม่มีใครอยู่สองทีม	15	unticked	ใส่รายชื่ออย่างน้อย 2 ชื่อ กำหนดจำนวนทีม กดแบ่ง แล้วทุกคนถูกจัดลงทีมครบ ไม่มีใครหาย และไม่มีใครอยู่สองทีม	EXACT
17	#17-03	PROVEN	44	เห็นได้ว่าทีมไหนเป็นทีมที่ได้คนเกินมา	17	unticked	เห็นได้ว่าทีมไหนเป็นทีมที่ได้คนเกินมา	EXACT
17	#17-04	PROVEN	55	เปลี่ยนจำนวนทีมแล้วแบ่งใหม่ได้ทันทีโดยไม่ต้องกรอกรายชื่อใหม่	18	unticked	เปลี่ยนจำนวนทีมแล้วแบ่งใหม่ได้ทันทีโดยไม่ต้องกรอกรายชื่อใหม่	EXACT
17	#17-05	PROVEN	65	แบ่งซ้ำด้วยค่าเดิมได้ผลการแบ่งชุดใหม่ ไม่ใช่ชุดเดิมค้าง	19	unticked	แบ่งซ้ำด้วยค่าเดิมได้ผลการแบ่งชุดใหม่ ไม่ใช่ชุดเดิมค้าง	EXACT
17	#17-06	PROVEN	74	กำหนดจำนวนทีมมากกว่าจำนวนคนไม่ได้ และบอกเหตุผลให้ผู้ใช้เห็น	20	unticked	กำหนดจำนวนทีมมากกว่าจำนวนคนไม่ได้ และบอกเหตุผลให้ผู้ใช้เห็น	EXACT
17	#17-07	PROVEN	83	มีรายการน้อยกว่า 2 กดแบ่งไม่ได้ และบอกเหตุผล	21	unticked	มีรายการน้อยกว่า 2 กดแบ่งไม่ได้ และบอกเหตุผล	EXACT
17	#17-08	PROVEN	97	เปิดหน้ามาแล้วเห็นรายชื่อกลุ่มเดิมรออยู่ และรายชื่อที่แก้ที่นี่มีผลกับเครื่องมือและเกมตัวอื่นด้วย	22	unticked	เปิดหน้ามาแล้วเห็นรายชื่อกลุ่มเดิมรออยู่ และรายชื่อที่แก้ที่นี่มีผลกับเครื่องมือและเกมตัวอื่นด้วย	EXACT
17	#17-09	PROVEN	112	มีทางกดต่อเข้าเกมโดยรายชื่อวงไหลต่อไปครบ	23	unticked	มีทางกดต่อเข้าเกมโดยรายชื่อวงไหลต่อไปครบ	EXACT
17	#17-11	UNPROVABLE	127	โฆษณาอยู่ใต้ตัวเครื่องมือ พื้นที่ถูกจองไว้ล่วงหน้า และไม่มีอะไรแทรกเหนือเนื้อหาหลังโหลด	25	unticked	โฆษณาอยู่ใต้ตัวเครื่องมือ พื้นที่ถูกจองไว้ล่วงหน้า และไม่มีอะไรแทรกเหนือเนื้อหาหลังโหลด	EXACT
17	#17-12	UNDECIDED	150	เคารพการตั้งค่าลดการเคลื่อนไหว และผลการแบ่งอ่านได้จากตัวหนังสือเสมอ	26	unticked	เคารพการตั้งค่าลดการเคลื่อนไหว และผลการแบ่งอ่านได้จากตัวหนังสือเสมอ	EXACT
17	#17-14	UNPROVABLE	180	ตรรกะการแบ่งรับตัวสุ่มเข้าไปได้ มีเทสที่ยืนยันว่าไม่มีใครหายและขนาดทีมต่างกันไม่เกินหนึ่ง และถูกพิสูจน์แบบสองทาง	28	unticked	ตรรกะการแบ่งรับตัวสุ่มเข้าไปได้ มีเทสที่ยืนยันว่าไม่มีใครหายและขนาดทีมต่างกันไม่เกินหนึ่ง และถูกพิสูจน์แบบสองทาง	EXACT
18	#18-01	PROVEN	29	กำหนดช่วงต่ำสุดและสูงสุด กดสุ่ม แล้วได้เลขที่อยู่ในช่วงนั้น	15	unticked	กำหนดช่วงต่ำสุดและสูงสุด กดสุ่ม แล้วได้เลขที่อยู่ในช่วงนั้น	EXACT
18	#18-02	PROVEN	40	สลับโหมดได้ระหว่างเลขซ้ำได้ กับ เลขที่ออกแล้วห้ามออกอีก	16	unticked	สลับโหมดได้ระหว่างเลขซ้ำได้ กับ เลขที่ออกแล้วห้ามออกอีก	EXACT
18	#18-04	PROVEN	54	ในโหมดไม่ซ้ำ เมื่อสุ่มจนครบทุกเลขในช่วง เครื่องมือบอกผู้ใช้ว่าหมดช่วงแล้ว ไม่ค้างเงียบและไม่คืนค่าว่าง	18	unticked	ในโหมดไม่ซ้ำ เมื่อสุ่มจนครบทุกเลขในช่วง เครื่องมือบอกผู้ใช้ว่าหมดช่วงแล้ว ไม่ค้างเงียบและไม่คืนค่าว่าง	EXACT
18	#18-05	PROVEN	67	เริ่มรอบใหม่แล้วทุกเลขกลับมาสุ่มได้อีก	19	unticked	เริ่มรอบใหม่แล้วทุกเลขกลับมาสุ่มได้อีก	EXACT
18	#18-06	PROVEN	80	ช่วงที่มีเลขน้อยกว่า 2 ตัว หรือค่าต่ำสุดมากกว่าค่าสูงสุด ถูกปฏิเสธพร้อมบอกเหตุผล ไม่ใช่สุ่มมั่ว	20	unticked	ช่วงที่มีเลขน้อยกว่า 2 ตัว หรือค่าต่ำสุดมากกว่าค่าสูงสุด ถูกปฏิเสธพร้อมบอกเหตุผล ไม่ใช่สุ่มมั่ว	EXACT
18	#18-07	PROVEN	104	ค่าช่วงที่ตั้งไว้ยังอยู่หลังรีเฟรชหน้า	21	unticked	ค่าช่วงที่ตั้งไว้ยังอยู่หลังรีเฟรชหน้า	EXACT
18	#18-09	UNPROVABLE	122	โฆษณาอยู่ใต้ตัวเครื่องมือ พื้นที่ถูกจองไว้ล่วงหน้า และไม่มีอะไรแทรกเหนือเนื้อหาหลังโหลด	23	unticked	โฆษณาอยู่ใต้ตัวเครื่องมือ พื้นที่ถูกจองไว้ล่วงหน้า และไม่มีอะไรแทรกเหนือเนื้อหาหลังโหลด	EXACT
18	#18-10	UNDECIDED	169	เคารพการตั้งค่าลดการเคลื่อนไหว และผลลัพธ์อ่านได้จากตัวหนังสือเสมอ	24	unticked	เคารพการตั้งค่าลดการเคลื่อนไหว และผลลัพธ์อ่านได้จากตัวหนังสือเสมอ	EXACT
18	#18-12	UNPROVABLE	208	ตรรกะการสุ่มเลขรับตัวสุ่มเข้าไปได้ มีเทสครอบโหมดไม่ซ้ำจนหมดช่วง และถูกพิสูจน์แบบสองทาง	26	unticked	ตรรกะการสุ่มเลขรับตัวสุ่มเข้าไปได้ มีเทสครอบโหมดไม่ซ้ำจนหมดช่วง และถูกพิสูจน์แบบสองทาง	EXACT
